Date,Datasource,Campaign,Clicks,Impressions
01.01.2019,Facebook Ads,Like Ads,274,1979
01.01.2019,Facebook Ads,Offer Campaigns - Conversions,10245,764627
01.01.2019,Google Adwords,B2B - Leads,7,444
01.01.2019,Google Adwords,GDN Prospecting - App - Prio 1 Offer,16,12535
01.01.2019,Google Adwords,GDN Prospecting - App - Prio 2 Offer,93,18866
01.01.2019,Google Adwords,GDN Prospecting - Desktop - India Offer,72,59558
01.01.2019,Google Adwords,GDN Prospecting - Desktop - Prio 1 Offer,65,34592
01.01.2019,Google Adwords,GDN Prospecting - Desktop - Prio 2 Offer,26,20901
01.01.2019,Google Adwords,GDN Prospecting - Desktop - Prio 3 Offer,87,47845
01.01.2019,Google Adwords,GDN Prospecting - Desktop - Prio 4 Offer,263,106641
01.01.2019,Google Adwords,GDN Prospecting - Interstitials - Prio 1 Offer,19,11483
01.01.2019,Google Adwords,GDN Prospecting - Interstitials - Prio 2 Offer,90,19809
01.01.2019,Google Adwords,GDN Prospecting - Mobile - Prio 1 Offer,46,17143
01.01.2019,Google Adwords,GDN Prospecting - Mobile - Prio 2 Offer,266,25319
01.01.2019,Google Adwords,GDN Prospecting - Mobile - Prio 3 Offer,154,24073
01.01.2019,Google Adwords,GDN Prospecting - Mobile - Prio 4 Offer,343,17808
01.01.2019,Google Adwords,GDN RMKT - App - Prio 1 Offer,6,1589
01.01.2019,Google Adwords,GDN RMKT - App - Prio 2 Offer,29,4021
01.01.2019,Google Adwords,GDN RMKT - Desktop - India Offer,1,392
01.01.2019,Google Adwords,GDN RMKT - Desktop - Prio 1 Offer,1,505
01.01.2019,Google Adwords,GDN RMKT - Desktop - Prio 3 Offer,31,10149
01.01.2019,Google Adwords,GDN RMKT - Desktop - Prio 4 Offer,5,1132
01.01.2019,Google Adwords,GDN RMKT - Interstitials - Prio 1 Offer,6,680
01.01.2019,Google Adwords,GDN RMKT - Interstitials - Prio 2 Offer,17,2672
01.01.2019,Google Adwords,GDN RMKT - Mobile - Prio 1 Offer,4,720
01.01.2019,Google Adwords,GDN RMKT - Mobile - Prio 2 Offer,13,2619
01.01.2019,Google Adwords,GDN RMKT - Mobile - Prio 3 Offer,34,3284
01.01.2019,Google Adwords,GDN RMKT - Mobile - Prio 4 Offer,73,4686
01.01.2019,Google Adwords,New General Campaign - Africa - Desktop,9,165
01.01.2019,Google Adwords,New General Campaign - Africa - Mobile,37,542
01.01.2019,Google Adwords,New General Campaign - Arab - Desktop,1,58
01.01.2019,Google Adwords,New General Campaign - Arab - Mobile,5,42
01.01.2019,Google Adwords,New General Campaign - Asia - Desktop,8,82
01.01.2019,Google Adwords,New General Campaign - Asia - Mobile,3,59
01.01.2019,Google Adwords,New General Campaign - AUS - Desktop,6,548
01.01.2019,Google Adwords,New General Campaign - AUS - Mobile,7,281
01.01.2019,Google Adwords,New General Campaign - AUT - Desktop,11,330
01.01.2019,Google Adwords,New General Campaign - AUT - Mobile,10,332
01.01.2019,Google Adwords,New General Campaign - BEL - Desktop,3,94
01.01.2019,Google Adwords,New General Campaign - BEL - Mobile,3,79
01.01.2019,Google Adwords,New General Campaign - BUL - Desktop,5,100
01.01.2019,Google Adwords,New General Campaign - BUL - Mobile,7,128
01.01.2019,Google Adwords,New General Campaign - CAN - Desktop,11,252
01.01.2019,Google Adwords,New General Campaign - CAN - Mobile,26,693
01.01.2019,Google Adwords,New General Campaign - CH - Desktop,6,176
01.01.2019,Google Adwords,New General Campaign - CH - Mobile,1,71
01.01.2019,Google Adwords,New General Campaign - CRO - Desktop,3,107
01.01.2019,Google Adwords,New General Campaign - CRO - Mobile,3,85
01.01.2019,Google Adwords,New General Campaign - CZE - Mobile,1,150
01.01.2019,Google Adwords,New General Campaign - DEN - Desktop,3,74
01.01.2019,Google Adwords,New General Campaign - DEN - Mobile,3,59
01.01.2019,Google Adwords,New General Campaign - ESP - Desktop,8,401
01.01.2019,Google Adwords,New General Campaign - ESP - Mobile,4,118
01.01.2019,Google Adwords,New General Campaign - Europe - Desktop,29,932
01.01.2019,Google Adwords,New General Campaign - Europe - Mobile,16,512
01.01.2019,Google Adwords,New General Campaign - FRA - Desktop,6,307
01.01.2019,Google Adwords,New General Campaign - FRA - Mobile,9,153
01.01.2019,Google Adwords,New General Campaign - GER - Desktop,47,1469
01.01.2019,Google Adwords,New General Campaign - GER - Mobile,51,1149
01.01.2019,Google Adwords,New General Campaign - GRE - Desktop,6,182
01.01.2019,Google Adwords,New General Campaign - GRE - Mobile,2,72
01.01.2019,Google Adwords,New General Campaign - HKG - Mobile,2,76
01.01.2019,Google Adwords,New General Campaign - HUN - Desktop,2,107
01.01.2019,Google Adwords,New General Campaign - HUN - Mobile,4,100
01.01.2019,Google Adwords,New General Campaign - IND - Desktop,62,1728
01.01.2019,Google Adwords,New General Campaign - IND - Mobile,233,2666
01.01.2019,Google Adwords,New General Campaign - IRE - Desktop,2,97
01.01.2019,Google Adwords,New General Campaign - IRE - Mobile,1,114
01.01.2019,Google Adwords,New General Campaign - ISR - Desktop,2,114
01.01.2019,Google Adwords,New General Campaign - ISR - Mobile,4,80
01.01.2019,Google Adwords,New General Campaign - ITA - Desktop,30,561
01.01.2019,Google Adwords,New General Campaign - ITA - Mobile,37,677
01.01.2019,Google Adwords,New General Campaign - JPN - Desktop,1,14
01.01.2019,Google Adwords,New General Campaign - Latin - Desktop,6,342
01.01.2019,Google Adwords,New General Campaign - Latin - Mobile,17,278
01.01.2019,Google Adwords,New General Campaign - MAL - Desktop,7,270
01.01.2019,Google Adwords,New General Campaign - MAL - Mobile,27,551
01.01.2019,Google Adwords,New General Campaign - NEL - Desktop,3,107
01.01.2019,Google Adwords,New General Campaign - NEL - Mobile,4,34
01.01.2019,Google Adwords,New General Campaign - NOR - Mobile,4,112
01.01.2019,Google Adwords,New General Campaign - NZE - Mobile,1,47
01.01.2019,Google Adwords,New General Campaign - OMA - Desktop,5,73
01.01.2019,Google Adwords,New General Campaign - OMA - Mobile,9,51
01.01.2019,Google Adwords,New General Campaign - POL - Desktop,12,830
01.01.2019,Google Adwords,New General Campaign - POL - Mobile,3,132
01.01.2019,Google Adwords,New General Campaign - POR - Desktop,1,49
01.01.2019,Google Adwords,New General Campaign - POR - Mobile,12,762
01.01.2019,Google Adwords,New General Campaign - Rest - Desktop,73,1199
01.01.2019,Google Adwords,New General Campaign - Rest - Mobile,132,1429
01.01.2019,Google Adwords,New General Campaign - ROM - Desktop,9,488
01.01.2019,Google Adwords,New General Campaign - ROM - Mobile,11,235
01.01.2019,Google Adwords,New General Campaign - RUS - Desktop,3,193
01.01.2019,Google Adwords,New General Campaign - RUS - Mobile,5,140
01.01.2019,Google Adwords,New General Campaign - SAU - Desktop,20,378
01.01.2019,Google Adwords,New General Campaign - SAU - Mobile,32,420
01.01.2019,Google Adwords,New General Campaign - SKO - Desktop,1,40
01.01.2019,Google Adwords,New General Campaign - SLO - Desktop,3,102
01.01.2019,Google Adwords,New General Campaign - SLO - Mobile,3,65
01.01.2019,Google Adwords,New General Campaign - SWE - Desktop,5,114
01.01.2019,Google Adwords,New General Campaign - SWE - Mobile,2,123
01.01.2019,Google Adwords,New General Campaign - TAW - Desktop,5,394
01.01.2019,Google Adwords,New General Campaign - TAW - Mobile,5,134
01.01.2019,Google Adwords,New General Campaign - UAE - Desktop,7,110
01.01.2019,Google Adwords,New General Campaign - UAE - Mobile,17,199
01.01.2019,Google Adwords,New General Campaign - UK - Desktop,15,960
01.01.2019,Google Adwords,New General Campaign - UK - Mobile,34,653
01.01.2019,Google Adwords,New General Campaign - USA - Desktop,30,663
01.01.2019,Google Adwords,New General Campaign - USA - Mobile,35,883
01.01.2019,Google Adwords,YouTube TrueView Mobile - Prio 1 - Offer,2,561
01.01.2019,Google Analytics,B2B - Leads,7,444
01.01.2019,Google Analytics,GDN Prospecting - App - Prio 1 Offer,16,12535
01.01.2019,Google Analytics,GDN Prospecting - App - Prio 2 Offer,93,18866
01.01.2019,Google Analytics,GDN Prospecting - Desktop - India Offer,72,59558
01.01.2019,Google Analytics,GDN Prospecting - Desktop - Prio 1 Offer,65,34592
01.01.2019,Google Analytics,GDN Prospecting - Desktop - Prio 2 Offer,26,20901
01.01.2019,Google Analytics,GDN Prospecting - Desktop - Prio 3 Offer,87,47845
01.01.2019,Google Analytics,GDN Prospecting - Desktop - Prio 4 Offer,263,106641
01.01.2019,Google Analytics,GDN Prospecting - Interstitials - Prio 1 Offer,19,11483
01.01.2019,Google Analytics,GDN Prospecting - Interstitials - Prio 2 Offer,90,19809
01.01.2019,Google Analytics,GDN Prospecting - Mobile - Prio 1 Offer,46,17143
01.01.2019,Google Analytics,GDN Prospecting - Mobile - Prio 2 Offer,266,25319
01.01.2019,Google Analytics,GDN Prospecting - Mobile - Prio 3 Offer,154,24073
01.01.2019,Google Analytics,GDN Prospecting - Mobile - Prio 4 Offer,343,17808
01.01.2019,Google Analytics,GDN RMKT - App - Prio 1 Offer,6,1589
01.01.2019,Google Analytics,GDN RMKT - App - Prio 2 Offer,29,4021
01.01.2019,Google Analytics,GDN RMKT - Desktop - India Offer,1,392
01.01.2019,Google Analytics,GDN RMKT - Desktop - Prio 1 Offer,1,505
01.01.2019,Google Analytics,GDN RMKT - Desktop - Prio 3 Offer,31,10149
01.01.2019,Google Analytics,GDN RMKT - Desktop - Prio 4 Offer,5,1132
01.01.2019,Google Analytics,GDN RMKT - Interstitials - Prio 1 Offer,6,680
01.01.2019,Google Analytics,GDN RMKT - Interstitials - Prio 2 Offer,17,2672
01.01.2019,Google Analytics,GDN RMKT - Mobile - Prio 1 Offer,4,720
01.01.2019,Google Analytics,GDN RMKT - Mobile - Prio 2 Offer,13,2619
01.01.2019,Google Analytics,GDN RMKT - Mobile - Prio 3 Offer,34,3284
01.01.2019,Google Analytics,GDN RMKT - Mobile - Prio 4 Offer,73,4686
01.01.2019,Google Analytics,New General Campaign - Africa - Desktop,9,165
01.01.2019,Google Analytics,New General Campaign - Africa - Mobile,37,542
01.01.2019,Google Analytics,New General Campaign - Arab - Desktop,1,58
01.01.2019,Google Analytics,New General Campaign - Arab - Mobile,5,42
01.01.2019,Google Analytics,New General Campaign - Asia - Desktop,8,82
01.01.2019,Google Analytics,New General Campaign - Asia - Mobile,3,59
01.01.2019,Google Analytics,New General Campaign - AUS - Desktop,6,548
01.01.2019,Google Analytics,New General Campaign - AUS - Mobile,7,281
01.01.2019,Google Analytics,New General Campaign - AUT - Desktop,11,330
01.01.2019,Google Analytics,New General Campaign - AUT - Mobile,10,332
01.01.2019,Google Analytics,New General Campaign - BEL - Desktop,3,94
01.01.2019,Google Analytics,New General Campaign - BEL - Mobile,3,79
01.01.2019,Google Analytics,New General Campaign - BUL - Desktop,5,100
01.01.2019,Google Analytics,New General Campaign - BUL - Mobile,7,128
01.01.2019,Google Analytics,New General Campaign - CAN - Desktop,11,252
01.01.2019,Google Analytics,New General Campaign - CAN - Mobile,26,693
01.01.2019,Google Analytics,New General Campaign - CH - Desktop,6,176
01.01.2019,Google Analytics,New General Campaign - CH - Mobile,1,71
01.01.2019,Google Analytics,New General Campaign - CRO - Desktop,3,107
01.01.2019,Google Analytics,New General Campaign - CRO - Mobile,3,85
01.01.2019,Google Analytics,New General Campaign - CZE - Mobile,1,150
01.01.2019,Google Analytics,New General Campaign - DEN - Desktop,3,74
01.01.2019,Google Analytics,New General Campaign - DEN - Mobile,3,59
01.01.2019,Google Analytics,New General Campaign - ESP - Desktop,8,401
01.01.2019,Google Analytics,New General Campaign - ESP - Mobile,4,118
01.01.2019,Google Analytics,New General Campaign - Europe - Desktop,29,932
01.01.2019,Google Analytics,New General Campaign - Europe - Mobile,16,512
01.01.2019,Google Analytics,New General Campaign - FRA - Desktop,6,307
01.01.2019,Google Analytics,New General Campaign - FRA - Mobile,9,153
01.01.2019,Google Analytics,New General Campaign - GER - Desktop,47,1469
01.01.2019,Google Analytics,New General Campaign - GER - Mobile,51,1149
01.01.2019,Google Analytics,New General Campaign - GRE - Desktop,6,182
01.01.2019,Google Analytics,New General Campaign - GRE - Mobile,2,72
01.01.2019,Google Analytics,New General Campaign - HKG - Mobile,2,76
01.01.2019,Google Analytics,New General Campaign - HUN - Desktop,2,107
01.01.2019,Google Analytics,New General Campaign - HUN - Mobile,4,100
01.01.2019,Google Analytics,New General Campaign - IND - Desktop,62,1728
01.01.2019,Google Analytics,New General Campaign - IND - Mobile,233,2666
01.01.2019,Google Analytics,New General Campaign - IRE - Desktop,2,97
01.01.2019,Google Analytics,New General Campaign - IRE - Mobile,1,114
01.01.2019,Google Analytics,New General Campaign - ISR - Desktop,2,114
01.01.2019,Google Analytics,New General Campaign - ISR - Mobile,4,80
01.01.2019,Google Analytics,New General Campaign - ITA - Desktop,30,561
01.01.2019,Google Analytics,New General Campaign - ITA - Mobile,37,677
01.01.2019,Google Analytics,New General Campaign - JPN - Desktop,1,14
01.01.2019,Google Analytics,New General Campaign - Latin - Desktop,6,342
01.01.2019,Google Analytics,New General Campaign - Latin - Mobile,17,278
01.01.2019,Google Analytics,New General Campaign - MAL - Desktop,7,270
01.01.2019,Google Analytics,New General Campaign - MAL - Mobile,27,551
01.01.2019,Google Analytics,New General Campaign - NEL - Desktop,3,107
01.01.2019,Google Analytics,New General Campaign - NEL - Mobile,4,34
01.01.2019,Google Analytics,New General Campaign - NOR - Mobile,4,112
01.01.2019,Google Analytics,New General Campaign - NZE - Mobile,1,47
01.01.2019,Google Analytics,New General Campaign - OMA - Desktop,5,73
01.01.2019,Google Analytics,New General Campaign - OMA - Mobile,9,51
01.01.2019,Google Analytics,New General Campaign - POL - Desktop,12,830
01.01.2019,Google Analytics,New General Campaign - POL - Mobile,3,132
01.01.2019,Google Analytics,New General Campaign - POR - Desktop,1,49
01.01.2019,Google Analytics,New General Campaign - POR - Mobile,12,762
01.01.2019,Google Analytics,New General Campaign - Rest - Desktop,73,1199
01.01.2019,Google Analytics,New General Campaign - Rest - Mobile,132,1429
01.01.2019,Google Analytics,New General Campaign - ROM - Desktop,9,488
01.01.2019,Google Analytics,New General Campaign - ROM - Mobile,11,235
01.01.2019,Google Analytics,New General Campaign - RUS - Desktop,3,193
01.01.2019,Google Analytics,New General Campaign - RUS - Mobile,5,140
01.01.2019,Google Analytics,New General Campaign - SAU - Desktop,20,378
01.01.2019,Google Analytics,New General Campaign - SAU - Mobile,32,420
01.01.2019,Google Analytics,New General Campaign - SKO - Desktop,1,40
01.01.2019,Google Analytics,New General Campaign - SLO - Desktop,3,102
01.01.2019,Google Analytics,New General Campaign - SLO - Mobile,3,65
01.01.2019,Google Analytics,New General Campaign - SWE - Desktop,5,114
01.01.2019,Google Analytics,New General Campaign - SWE - Mobile,2,123
01.01.2019,Google Analytics,New General Campaign - TAW - Desktop,5,394
01.01.2019,Google Analytics,New General Campaign - TAW - Mobile,5,134
01.01.2019,Google Analytics,New General Campaign - UAE - Desktop,7,110
01.01.2019,Google Analytics,New General Campaign - UAE - Mobile,17,199
01.01.2019,Google Analytics,New General Campaign - UK - Desktop,15,960
01.01.2019,Google Analytics,New General Campaign - UK - Mobile,34,653
01.01.2019,Google Analytics,New General Campaign - USA - Desktop,30,663
01.01.2019,Google Analytics,New General Campaign - USA - Mobile,35,883
01.01.2019,Google Analytics,YouTube TrueView Mobile - Prio 1 - Offer,2,561
01.01.2019,Mailchimp,NY Offer 2019 | Extension Buyers | Switch To Lifetime (ABD) #2,20,
01.01.2019,Mailchimp,NY Offer 2019 | Extension Buyers | Switch To Lifetime (EBC) #2,59,
01.01.2019,Mailchimp,NY Offer 2019 | Extension Buyers | Switch To Lifetime (EMC) #2,166,
01.01.2019,Mailchimp,NY Offer 2019 | Extension Buyers | Switch To Lifetime (EME) #2,15,
01.01.2019,Mailchimp,NY Offer 2019 | Extension Buyers | Switch To Lifetime (MSK) #2,10,
01.01.2019,Mailchimp,NY Offer 2019 | Extension Buyers | Switch To Lifetime (PED) #2,1,
01.01.2019,Mailchimp,NY Offer 2019 | Extension Buyers | Switch To Lifetime (POC) #2,4,
01.01.2019,Mailchimp,NY Offer 2019 | Extension Buyers | Switch To Lifetime (RH) #2,5,
01.01.2019,Mailchimp,NY Offer 2019 | Extension Buyers | Switch To Lifetime (STE) #2,11,
01.01.2019,Mailchimp,NY Offer 2019 | Extension Buyers | Switch To Lifetime (TEE) #2,45,
01.01.2019,Mailchimp,NY Offer 2019 | Extension Buyers | Switch To Lifetime (VAS) #2,2,
01.01.2019,Mailchimp,Weekly Newsletter | 1 January 2019,7120,
02.01.2019,Facebook Ads,Like Ads,301,1927
02.01.2019,Facebook Ads,Offer Campaigns - Conversions,10664,805036
02.01.2019,Google Adwords,B2B - Leads,9,399
02.01.2019,Google Adwords,GDN Prospecting - App - Prio 1 Offer,26,12732
02.01.2019,Google Adwords,GDN Prospecting - App - Prio 2 Offer,86,17984
02.01.2019,Google Adwords,GDN Prospecting - Desktop - India Offer,86,65013
02.01.2019,Google Adwords,GDN Prospecting - Desktop - Prio 1 Offer,78,51448
02.01.2019,Google Adwords,GDN Prospecting - Desktop - Prio 2 Offer,52,28362
02.01.2019,Google Adwords,GDN Prospecting - Desktop - Prio 3 Offer,140,69214
02.01.2019,Google Adwords,GDN Prospecting - Desktop - Prio 4 Offer,194,105516
02.01.2019,Google Adwords,GDN Prospecting - Interstitials - Prio 1 Offer,32,20041
02.01.2019,Google Adwords,GDN Prospecting - Interstitials - Prio 2 Offer,71,33045
02.01.2019,Google Adwords,GDN Prospecting - Mobile - Prio 1 Offer,72,19298
02.01.2019,Google Adwords,GDN Prospecting - Mobile - Prio 2 Offer,267,25177
02.01.2019,Google Adwords,GDN Prospecting - Mobile - Prio 3 Offer,156,24056
02.01.2019,Google Adwords,GDN Prospecting - Mobile - Prio 4 Offer,322,18559
02.01.2019,Google Adwords,GDN RMKT - App - Prio 1 Offer,8,1241
02.01.2019,Google Adwords,GDN RMKT - App - Prio 2 Offer,29,2965
02.01.2019,Google Adwords,GDN RMKT - Desktop - India Offer,1,467
02.01.2019,Google Adwords,GDN RMKT - Desktop - Prio 2 Offer,1,1063
02.01.2019,Google Adwords,GDN RMKT - Desktop - Prio 3 Offer,13,15390
02.01.2019,Google Adwords,GDN RMKT - Desktop - Prio 4 Offer,4,1223
02.01.2019,Google Adwords,GDN RMKT - Interstitials - Prio 1 Offer,4,271
02.01.2019,Google Adwords,GDN RMKT - Interstitials - Prio 2 Offer,24,3117
02.01.2019,Google Adwords,GDN RMKT - Mobile - Prio 1 Offer,9,743
02.01.2019,Google Adwords,GDN RMKT - Mobile - Prio 2 Offer,17,2645
02.01.2019,Google Adwords,GDN RMKT - Mobile - Prio 3 Offer,34,3209
02.01.2019,Google Adwords,GDN RMKT - Mobile - Prio 4 Offer,125,6269
02.01.2019,Google Adwords,New General Campaign - Africa - Desktop,15,328
02.01.2019,Google Adwords,New General Campaign - Africa - Mobile,50,847
02.01.2019,Google Adwords,New General Campaign - Arab - Desktop,6,101
02.01.2019,Google Adwords,New General Campaign - Arab - Mobile,3,67
02.01.2019,Google Adwords,New General Campaign - Asia - Desktop,8,162
02.01.2019,Google Adwords,New General Campaign - Asia - Mobile,12,148
02.01.2019,Google Adwords,New General Campaign - AUS - Desktop,24,1095
02.01.2019,Google Adwords,New General Campaign - AUS - Mobile,9,430
02.01.2019,Google Adwords,New General Campaign - AUT - Desktop,17,545
02.01.2019,Google Adwords,New General Campaign - AUT - Mobile,16,397
02.01.2019,Google Adwords,New General Campaign - BEL - Desktop,2,176
02.01.2019,Google Adwords,New General Campaign - BEL - Mobile,4,103
02.01.2019,Google Adwords,New General Campaign - BUL - Desktop,5,155
02.01.2019,Google Adwords,New General Campaign - BUL - Mobile,16,261
02.01.2019,Google Adwords,New General Campaign - CAN - Desktop,10,312
02.01.2019,Google Adwords,New General Campaign - CAN - Mobile,36,1021
02.01.2019,Google Adwords,New General Campaign - CH - Desktop,8,146
02.01.2019,Google Adwords,New General Campaign - CH - Mobile,4,93
02.01.2019,Google Adwords,New General Campaign - CRO - Desktop,5,178
02.01.2019,Google Adwords,New General Campaign - CRO - Mobile,6,173
02.01.2019,Google Adwords,New General Campaign - CZE - Desktop,3,221
02.01.2019,Google Adwords,New General Campaign - CZE - Mobile,5,176
02.01.2019,Google Adwords,New General Campaign - DEN - Desktop,1,192
02.01.2019,Google Adwords,New General Campaign - DEN - Mobile,4,131
02.01.2019,Google Adwords,New General Campaign - ESP - Desktop,7,803
02.01.2019,Google Adwords,New General Campaign - ESP - Mobile,2,140
02.01.2019,Google Adwords,New General Campaign - Europe - Desktop,45,1358
02.01.2019,Google Adwords,New General Campaign - Europe - Mobile,40,741
02.01.2019,Google Adwords,New General Campaign - FIN - Desktop,2,169
02.01.2019,Google Adwords,New General Campaign - FIN - Mobile,1,57
02.01.2019,Google Adwords,New General Campaign - FRA - Desktop,12,518
02.01.2019,Google Adwords,New General Campaign - FRA - Mobile,10,177
02.01.2019,Google Adwords,New General Campaign - GER - Desktop,29,1695
02.01.2019,Google Adwords,New General Campaign - GER - Mobile,60,1702
02.01.2019,Google Adwords,New General Campaign - GRE - Desktop,23,393
02.01.2019,Google Adwords,New General Campaign - GRE - Mobile,4,116
02.01.2019,Google Adwords,New General Campaign - HKG - Desktop,1,109
02.01.2019,Google Adwords,New General Campaign - HKG - Mobile,6,109
02.01.2019,Google Adwords,New General Campaign - HUN - Desktop,5,303
02.01.2019,Google Adwords,New General Campaign - HUN - Mobile,7,218
02.01.2019,Google Adwords,New General Campaign - IND - Desktop,97,2446
02.01.2019,Google Adwords,New General Campaign - IND - Mobile,344,3505
02.01.2019,Google Adwords,New General Campaign - IRE - Desktop,6,147
02.01.2019,Google Adwords,New General Campaign - IRE - Mobile,13,209
02.01.2019,Google Adwords,New General Campaign - ISR - Desktop,4,166
02.01.2019,Google Adwords,New General Campaign - ISR - Mobile,6,116
02.01.2019,Google Adwords,New General Campaign - ITA - Desktop,30,839
02.01.2019,Google Adwords,New General Campaign - ITA - Mobile,62,1242
02.01.2019,Google Adwords,New General Campaign - JPN - Desktop,2,47
02.01.2019,Google Adwords,New General Campaign - Latin - Desktop,22,1463
02.01.2019,Google Adwords,New General Campaign - Latin - Mobile,34,861
02.01.2019,Google Adwords,New General Campaign - MAL - Desktop,17,399
02.01.2019,Google Adwords,New General Campaign - MAL - Mobile,26,643
02.01.2019,Google Adwords,New General Campaign - NEL - Desktop,4,247
02.01.2019,Google Adwords,New General Campaign - NEL - Mobile,4,87
02.01.2019,Google Adwords,New General Campaign - NOR - Desktop,9,398
02.01.2019,Google Adwords,New General Campaign - NOR - Mobile,2,118
02.01.2019,Google Adwords,New General Campaign - NZE - Desktop,1,34
02.01.2019,Google Adwords,New General Campaign - NZE - Mobile,2,32
02.01.2019,Google Adwords,New General Campaign - OMA - Desktop,3,49
02.01.2019,Google Adwords,New General Campaign - OMA - Mobile,7,51
02.01.2019,Google Adwords,New General Campaign - POL - Desktop,5,1103
02.01.2019,Google Adwords,New General Campaign - POL - Mobile,7,359
02.01.2019,Google Adwords,New General Campaign - POR - Desktop,5,205
02.01.2019,Google Adwords,New General Campaign - POR - Mobile,8,1499
02.01.2019,Google Adwords,New General Campaign - Rest - Desktop,80,1684
02.01.2019,Google Adwords,New General Campaign - Rest - Mobile,126,1696
02.01.2019,Google Adwords,New General Campaign - ROM - Desktop,26,666
02.01.2019,Google Adwords,New General Campaign - ROM - Mobile,27,482
02.01.2019,Google Adwords,New General Campaign - RUS - Desktop,5,246
02.01.2019,Google Adwords,New General Campaign - RUS - Mobile,11,166
02.01.2019,Google Adwords,New General Campaign - SAU - Desktop,19,341
02.01.2019,Google Adwords,New General Campaign - SAU - Mobile,25,344
02.01.2019,Google Adwords,New General Campaign - SKO - Desktop,4,98
02.01.2019,Google Adwords,New General Campaign - SKO - Mobile,1,1
02.01.2019,Google Adwords,New General Campaign - SLO - Desktop,2,203
02.01.2019,Google Adwords,New General Campaign - SLO - Mobile,3,73
02.01.2019,Google Adwords,New General Campaign - SWE - Desktop,4,178
02.01.2019,Google Adwords,New General Campaign - SWE - Mobile,7,153
02.01.2019,Google Adwords,New General Campaign - TAW - Desktop,12,363
02.01.2019,Google Adwords,New General Campaign - TAW - Mobile,3,46
02.01.2019,Google Adwords,New General Campaign - UAE - Desktop,13,366
02.01.2019,Google Adwords,New General Campaign - UAE - Mobile,20,256
02.01.2019,Google Adwords,New General Campaign - UK - Desktop,27,1600
02.01.2019,Google Adwords,New General Campaign - UK - Mobile,38,1012
02.01.2019,Google Adwords,New General Campaign - USA - Desktop,41,1474
02.01.2019,Google Adwords,New General Campaign - USA - Mobile,56,1197
02.01.2019,Google Analytics,B2B - Leads,9,399
02.01.2019,Google Analytics,GDN Prospecting - App - Prio 1 Offer,26,12732
02.01.2019,Google Analytics,GDN Prospecting - App - Prio 2 Offer,86,17984
02.01.2019,Google Analytics,GDN Prospecting - Desktop - India Offer,86,65013
02.01.2019,Google Analytics,GDN Prospecting - Desktop - Prio 1 Offer,78,51448
02.01.2019,Google Analytics,GDN Prospecting - Desktop - Prio 2 Offer,52,28362
02.01.2019,Google Analytics,GDN Prospecting - Desktop - Prio 3 Offer,140,69214
02.01.2019,Google Analytics,GDN Prospecting - Desktop - Prio 4 Offer,194,105516
02.01.2019,Google Analytics,GDN Prospecting - Interstitials - Prio 1 Offer,32,20041
02.01.2019,Google Analytics,GDN Prospecting - Interstitials - Prio 2 Offer,71,33045
02.01.2019,Google Analytics,GDN Prospecting - Mobile - Prio 1 Offer,72,19298
02.01.2019,Google Analytics,GDN Prospecting - Mobile - Prio 2 Offer,267,25177
02.01.2019,Google Analytics,GDN Prospecting - Mobile - Prio 3 Offer,156,24056
02.01.2019,Google Analytics,GDN Prospecting - Mobile - Prio 4 Offer,322,18559
02.01.2019,Google Analytics,GDN RMKT - App - Prio 1 Offer,8,1241
02.01.2019,Google Analytics,GDN RMKT - App - Prio 2 Offer,29,2965
02.01.2019,Google Analytics,GDN RMKT - Desktop - India Offer,1,467
02.01.2019,Google Analytics,GDN RMKT - Desktop - Prio 2 Offer,1,1063
02.01.2019,Google Analytics,GDN RMKT - Desktop - Prio 3 Offer,13,15390
02.01.2019,Google Analytics,GDN RMKT - Desktop - Prio 4 Offer,4,1223
02.01.2019,Google Analytics,GDN RMKT - Interstitials - Prio 1 Offer,4,271
02.01.2019,Google Analytics,GDN RMKT - Interstitials - Prio 2 Offer,24,3117
02.01.2019,Google Analytics,GDN RMKT - Mobile - Prio 1 Offer,9,743
02.01.2019,Google Analytics,GDN RMKT - Mobile - Prio 2 Offer,17,2645
02.01.2019,Google Analytics,GDN RMKT - Mobile - Prio 3 Offer,34,3209
02.01.2019,Google Analytics,GDN RMKT - Mobile - Prio 4 Offer,125,6269
02.01.2019,Google Analytics,New General Campaign - Africa - Desktop,15,328
02.01.2019,Google Analytics,New General Campaign - Africa - Mobile,50,847
02.01.2019,Google Analytics,New General Campaign - Arab - Desktop,6,101
02.01.2019,Google Analytics,New General Campaign - Arab - Mobile,3,67
02.01.2019,Google Analytics,New General Campaign - Asia - Desktop,8,162
02.01.2019,Google Analytics,New General Campaign - Asia - Mobile,12,148
02.01.2019,Google Analytics,New General Campaign - AUS - Desktop,24,1095
02.01.2019,Google Analytics,New General Campaign - AUS - Mobile,9,430
02.01.2019,Google Analytics,New General Campaign - AUT - Desktop,17,545
02.01.2019,Google Analytics,New General Campaign - AUT - Mobile,16,397
02.01.2019,Google Analytics,New General Campaign - BEL - Desktop,2,176
02.01.2019,Google Analytics,New General Campaign - BEL - Mobile,4,103
02.01.2019,Google Analytics,New General Campaign - BUL - Desktop,5,155
02.01.2019,Google Analytics,New General Campaign - BUL - Mobile,16,261
02.01.2019,Google Analytics,New General Campaign - CAN - Desktop,10,312
02.01.2019,Google Analytics,New General Campaign - CAN - Mobile,36,1021
02.01.2019,Google Analytics,New General Campaign - CH - Desktop,8,146
02.01.2019,Google Analytics,New General Campaign - CH - Mobile,4,93
02.01.2019,Google Analytics,New General Campaign - CRO - Desktop,5,178
02.01.2019,Google Analytics,New General Campaign - CRO - Mobile,6,173
02.01.2019,Google Analytics,New General Campaign - CZE - Desktop,3,221
02.01.2019,Google Analytics,New General Campaign - CZE - Mobile,5,176
02.01.2019,Google Analytics,New General Campaign - DEN - Desktop,1,192
02.01.2019,Google Analytics,New General Campaign - DEN - Mobile,4,131
02.01.2019,Google Analytics,New General Campaign - ESP - Desktop,7,803
02.01.2019,Google Analytics,New General Campaign - ESP - Mobile,2,140
02.01.2019,Google Analytics,New General Campaign - Europe - Desktop,45,1358
02.01.2019,Google Analytics,New General Campaign - Europe - Mobile,40,741
02.01.2019,Google Analytics,New General Campaign - FIN - Desktop,2,169
02.01.2019,Google Analytics,New General Campaign - FIN - Mobile,1,57
02.01.2019,Google Analytics,New General Campaign - FRA - Desktop,12,518
02.01.2019,Google Analytics,New General Campaign - FRA - Mobile,10,177
02.01.2019,Google Analytics,New General Campaign - GER - Desktop,29,1695
02.01.2019,Google Analytics,New General Campaign - GER - Mobile,60,1702
02.01.2019,Google Analytics,New General Campaign - GRE - Desktop,23,393
02.01.2019,Google Analytics,New General Campaign - GRE - Mobile,4,116
02.01.2019,Google Analytics,New General Campaign - HKG - Desktop,1,109
02.01.2019,Google Analytics,New General Campaign - HKG - Mobile,6,109
02.01.2019,Google Analytics,New General Campaign - HUN - Desktop,5,303
02.01.2019,Google Analytics,New General Campaign - HUN - Mobile,7,218
02.01.2019,Google Analytics,New General Campaign - IND - Desktop,97,2446
02.01.2019,Google Analytics,New General Campaign - IND - Mobile,344,3505
02.01.2019,Google Analytics,New General Campaign - IRE - Desktop,6,147
02.01.2019,Google Analytics,New General Campaign - IRE - Mobile,13,209
02.01.2019,Google Analytics,New General Campaign - ISR - Desktop,4,166
02.01.2019,Google Analytics,New General Campaign - ISR - Mobile,6,116
02.01.2019,Google Analytics,New General Campaign - ITA - Desktop,30,839
02.01.2019,Google Analytics,New General Campaign - ITA - Mobile,62,1242
02.01.2019,Google Analytics,New General Campaign - JPN - Desktop,2,47
02.01.2019,Google Analytics,New General Campaign - Latin - Desktop,22,1463
02.01.2019,Google Analytics,New General Campaign - Latin - Mobile,34,861
02.01.2019,Google Analytics,New General Campaign - MAL - Desktop,17,399
02.01.2019,Google Analytics,New General Campaign - MAL - Mobile,26,643
02.01.2019,Google Analytics,New General Campaign - NEL - Desktop,4,247
02.01.2019,Google Analytics,New General Campaign - NEL - Mobile,4,87
02.01.2019,Google Analytics,New General Campaign - NOR - Desktop,9,398
02.01.2019,Google Analytics,New General Campaign - NOR - Mobile,2,118
02.01.2019,Google Analytics,New General Campaign - NZE - Desktop,1,34
02.01.2019,Google Analytics,New General Campaign - NZE - Mobile,2,32
02.01.2019,Google Analytics,New General Campaign - OMA - Desktop,3,49
02.01.2019,Google Analytics,New General Campaign - OMA - Mobile,7,51
02.01.2019,Google Analytics,New General Campaign - POL - Desktop,5,1103
02.01.2019,Google Analytics,New General Campaign - POL - Mobile,7,359
02.01.2019,Google Analytics,New General Campaign - POR - Desktop,5,205
02.01.2019,Google Analytics,New General Campaign - POR - Mobile,8,1499
02.01.2019,Google Analytics,New General Campaign - Rest - Desktop,80,1684
02.01.2019,Google Analytics,New General Campaign - Rest - Mobile,126,1696
02.01.2019,Google Analytics,New General Campaign - ROM - Desktop,26,666
02.01.2019,Google Analytics,New General Campaign - ROM - Mobile,27,482
02.01.2019,Google Analytics,New General Campaign - RUS - Desktop,5,246
02.01.2019,Google Analytics,New General Campaign - RUS - Mobile,11,166
02.01.2019,Google Analytics,New General Campaign - SAU - Desktop,19,341
02.01.2019,Google Analytics,New General Campaign - SAU - Mobile,25,344
02.01.2019,Google Analytics,New General Campaign - SKO - Desktop,4,98
02.01.2019,Google Analytics,New General Campaign - SKO - Mobile,1,1
02.01.2019,Google Analytics,New General Campaign - SLO - Desktop,2,203
02.01.2019,Google Analytics,New General Campaign - SLO - Mobile,3,73
02.01.2019,Google Analytics,New General Campaign - SWE - Desktop,4,178
02.01.2019,Google Analytics,New General Campaign - SWE - Mobile,7,153
02.01.2019,Google Analytics,New General Campaign - TAW - Desktop,12,363
02.01.2019,Google Analytics,New General Campaign - TAW - Mobile,3,46
02.01.2019,Google Analytics,New General Campaign - UAE - Desktop,13,366
02.01.2019,Google Analytics,New General Campaign - UAE - Mobile,20,256
02.01.2019,Google Analytics,New General Campaign - UK - Desktop,27,1600
02.01.2019,Google Analytics,New General Campaign - UK - Mobile,38,1012
02.01.2019,Google Analytics,New General Campaign - USA - Desktop,41,1474
02.01.2019,Google Analytics,New General Campaign - USA - Mobile,56,1197
02.01.2019,Mailchimp,New Years Offer 2019 | Open Cart #5,1202,
02.01.2019,Mailchimp,New Years Offer 2019 | Open Cart #5 - RH Buyers,6,
03.01.2019,Facebook Ads,60 Second 29122018,3948,137625
03.01.2019,Facebook Ads,Like Ads,266,1614
03.01.2019,Facebook Ads,Offer Campaigns - Conversions,10069,753078
03.01.2019,Google Adwords,B2B - Leads,10,425
03.01.2019,Google Adwords,GDN Prospecting - App - Prio 1 Offer,17,14068
03.01.2019,Google Adwords,GDN Prospecting - App - Prio 2 Offer,28,17654
03.01.2019,Google Adwords,GDN Prospecting - Desktop - India Offer,99,67821
03.01.2019,Google Adwords,GDN Prospecting - Desktop - Prio 1 Offer,55,22388
03.01.2019,Google Adwords,GDN Prospecting - Desktop - Prio 2 Offer,54,25836
03.01.2019,Google Adwords,GDN Prospecting - Desktop - Prio 3 Offer,144,81251
03.01.2019,Google Adwords,GDN Prospecting - Desktop - Prio 4 Offer,163,88854
03.01.2019,Google Adwords,GDN Prospecting - Interstitials - Prio 1 Offer,17,17830
03.01.2019,Google Adwords,GDN Prospecting - Interstitials - Prio 2 Offer,64,18465
03.01.2019,Google Adwords,GDN Prospecting - Mobile - Prio 1 Offer,38,19716
03.01.2019,Google Adwords,GDN Prospecting - Mobile - Prio 2 Offer,257,19334
03.01.2019,Google Adwords,GDN Prospecting - Mobile - Prio 3 Offer,124,23427
03.01.2019,Google Adwords,GDN Prospecting - Mobile - Prio 4 Offer,297,19831
03.01.2019,Google Adwords,GDN RMKT - App - Prio 1 Offer,4,1141
03.01.2019,Google Adwords,GDN RMKT - App - Prio 2 Offer,29,2464
03.01.2019,Google Adwords,GDN RMKT - Desktop - Prio 3 Offer,18,19459
03.01.2019,Google Adwords,GDN RMKT - Desktop - Prio 4 Offer,6,1185
03.01.2019,Google Adwords,GDN RMKT - Interstitials - Prio 1 Offer,5,424
03.01.2019,Google Adwords,GDN RMKT - Interstitials - Prio 2 Offer,17,2482
03.01.2019,Google Adwords,GDN RMKT - Mobile - Prio 1 Offer,6,690
03.01.2019,Google Adwords,GDN RMKT - Mobile - Prio 2 Offer,13,2450
03.01.2019,Google Adwords,GDN RMKT - Mobile - Prio 3 Offer,24,2454
03.01.2019,Google Adwords,GDN RMKT - Mobile - Prio 4 Offer,96,4648
03.01.2019,Google Adwords,New General Campaign - Africa - Desktop,15,318
03.01.2019,Google Adwords,New General Campaign - Africa - Mobile,37,944
03.01.2019,Google Adwords,New General Campaign - Arab - Desktop,1,94
03.01.2019,Google Adwords,New General Campaign - Arab - Mobile,6,69
03.01.2019,Google Adwords,New General Campaign - Asia - Desktop,12,241
03.01.2019,Google Adwords,New General Campaign - Asia - Mobile,8,136
03.01.2019,Google Adwords,New General Campaign - AUS - Desktop,18,970
03.01.2019,Google Adwords,New General Campaign - AUS - Mobile,25,559
03.01.2019,Google Adwords,New General Campaign - AUT - Desktop,26,600
03.01.2019,Google Adwords,New General Campaign - AUT - Mobile,18,487
03.01.2019,Google Adwords,New General Campaign - BEL - Desktop,5,191
03.01.2019,Google Adwords,New General Campaign - BEL - Mobile,2,68
03.01.2019,Google Adwords,New General Campaign - BUL - Desktop,9,218
03.01.2019,Google Adwords,New General Campaign - BUL - Mobile,18,239
03.01.2019,Google Adwords,New General Campaign - CAN - Desktop,12,430
03.01.2019,Google Adwords,New General Campaign - CAN - Mobile,31,898
03.01.2019,Google Adwords,New General Campaign - CH - Desktop,8,259
03.01.2019,Google Adwords,New General Campaign - CH - Mobile,2,101
03.01.2019,Google Adwords,New General Campaign - CRO - Desktop,4,172
03.01.2019,Google Adwords,New General Campaign - CRO - Mobile,9,223
03.01.2019,Google Adwords,New General Campaign - CZE - Desktop,7,304
03.01.2019,Google Adwords,New General Campaign - CZE - Mobile,3,217
03.01.2019,Google Adwords,New General Campaign - DEN - Desktop,1,184
03.01.2019,Google Adwords,New General Campaign - DEN - Mobile,2,97
03.01.2019,Google Adwords,New General Campaign - ESP - Desktop,15,882
03.01.2019,Google Adwords,New General Campaign - ESP - Mobile,11,212
03.01.2019,Google Adwords,New General Campaign - Europe - Desktop,52,1464
03.01.2019,Google Adwords,New General Campaign - Europe - Mobile,38,763
03.01.2019,Google Adwords,New General Campaign - FIN - Desktop,5,73
03.01.2019,Google Adwords,New General Campaign - FIN - Mobile,3,50
03.01.2019,Google Adwords,New General Campaign - FRA - Desktop,14,710
03.01.2019,Google Adwords,New General Campaign - FRA - Mobile,8,186
03.01.2019,Google Adwords,New General Campaign - GER - Desktop,36,1794
03.01.2019,Google Adwords,New General Campaign - GER - Mobile,59,1893
03.01.2019,Google Adwords,New General Campaign - GRE - Desktop,13,407
03.01.2019,Google Adwords,New General Campaign - GRE - Mobile,8,148
03.01.2019,Google Adwords,New General Campaign - HKG - Desktop,2,133
03.01.2019,Google Adwords,New General Campaign - HKG - Mobile,4,45
03.01.2019,Google Adwords,New General Campaign - HUN - Desktop,5,223
03.01.2019,Google Adwords,New General Campaign - HUN - Mobile,6,170
03.01.2019,Google Adwords,New General Campaign - IND - Desktop,92,2583
03.01.2019,Google Adwords,New General Campaign - IND - Mobile,390,3922
03.01.2019,Google Adwords,New General Campaign - IRE - Desktop,5,150
03.01.2019,Google Adwords,New General Campaign - IRE - Mobile,7,201
03.01.2019,Google Adwords,New General Campaign - ISR - Desktop,11,160
03.01.2019,Google Adwords,New General Campaign - ISR - Mobile,11,116
03.01.2019,Google Adwords,New General Campaign - ITA - Desktop,29,733
03.01.2019,Google Adwords,New General Campaign - ITA - Mobile,50,1051
03.01.2019,Google Adwords,New General Campaign - Latin - Desktop,15,1392
03.01.2019,Google Adwords,New General Campaign - Latin - Mobile,33,855
03.01.2019,Google Adwords,New General Campaign - MAL - Desktop,9,432
03.01.2019,Google Adwords,New General Campaign - MAL - Mobile,47,771
03.01.2019,Google Adwords,New General Campaign - NEL - Desktop,6,192
03.01.2019,Google Adwords,New General Campaign - NEL - Mobile,5,50
03.01.2019,Google Adwords,New General Campaign - NOR - Desktop,5,235
03.01.2019,Google Adwords,New General Campaign - NOR - Mobile,3,156
03.01.2019,Google Adwords,New General Campaign - NZE - Desktop,3,55
03.01.2019,Google Adwords,New General Campaign - NZE - Mobile,1,35
03.01.2019,Google Adwords,New General Campaign - OMA - Desktop,5,50
03.01.2019,Google Adwords,New General Campaign - OMA - Mobile,3,54
03.01.2019,Google Adwords,New General Campaign - POL - Desktop,14,858
03.01.2019,Google Adwords,New General Campaign - POL - Mobile,11,331
03.01.2019,Google Adwords,New General Campaign - POR - Desktop,5,166
03.01.2019,Google Adwords,New General Campaign - POR - Mobile,7,1088
03.01.2019,Google Adwords,New General Campaign - Rest - Desktop,94,1916
03.01.2019,Google Adwords,New General Campaign - Rest - Mobile,104,1507
03.01.2019,Google Adwords,New General Campaign - ROM - Desktop,14,738
03.01.2019,Google Adwords,New General Campaign - ROM - Mobile,19,498
03.01.2019,Google Adwords,New General Campaign - RUS - Desktop,8,304
03.01.2019,Google Adwords,New General Campaign - RUS - Mobile,7,147
03.01.2019,Google Adwords,New General Campaign - SAU - Desktop,21,374
03.01.2019,Google Adwords,New General Campaign - SAU - Mobile,34,359
03.01.2019,Google Adwords,New General Campaign - SKO - Desktop,4,143
03.01.2019,Google Adwords,New General Campaign - SLO - Desktop,5,253
03.01.2019,Google Adwords,New General Campaign - SLO - Mobile,4,117
03.01.2019,Google Adwords,New General Campaign - SWE - Desktop,5,202
03.01.2019,Google Adwords,New General Campaign - SWE - Mobile,7,156
03.01.2019,Google Adwords,New General Campaign - TAW - Desktop,10,437
03.01.2019,Google Adwords,New General Campaign - TAW - Mobile,3,163
03.01.2019,Google Adwords,New General Campaign - UAE - Desktop,12,322
03.01.2019,Google Adwords,New General Campaign - UAE - Mobile,23,262
03.01.2019,Google Adwords,New General Campaign - UK - Desktop,44,2070
03.01.2019,Google Adwords,New General Campaign - UK - Mobile,32,846
03.01.2019,Google Adwords,New General Campaign - USA - Desktop,48,1797
03.01.2019,Google Adwords,New General Campaign - USA - Mobile,67,1484
03.01.2019,Google Adwords,YouTube TrueView Mobile - Prio 1 - Offer,3,539
03.01.2019,Google Analytics,B2B - Leads,10,425
03.01.2019,Google Analytics,GDN Prospecting - App - Prio 1 Offer,17,14068
03.01.2019,Google Analytics,GDN Prospecting - App - Prio 2 Offer,28,17654
03.01.2019,Google Analytics,GDN Prospecting - Desktop - India Offer,99,67821
03.01.2019,Google Analytics,GDN Prospecting - Desktop - Prio 1 Offer,55,22388
03.01.2019,Google Analytics,GDN Prospecting - Desktop - Prio 2 Offer,54,25836
03.01.2019,Google Analytics,GDN Prospecting - Desktop - Prio 3 Offer,144,81251
03.01.2019,Google Analytics,GDN Prospecting - Desktop - Prio 4 Offer,163,88854
03.01.2019,Google Analytics,GDN Prospecting - Interstitials - Prio 1 Offer,17,17830
03.01.2019,Google Analytics,GDN Prospecting - Interstitials - Prio 2 Offer,64,18465
03.01.2019,Google Analytics,GDN Prospecting - Mobile - Prio 1 Offer,38,19716
03.01.2019,Google Analytics,GDN Prospecting - Mobile - Prio 2 Offer,257,19334
03.01.2019,Google Analytics,GDN Prospecting - Mobile - Prio 3 Offer,124,23427
03.01.2019,Google Analytics,GDN Prospecting - Mobile - Prio 4 Offer,297,19831
03.01.2019,Google Analytics,GDN RMKT - App - Prio 1 Offer,4,1141
03.01.2019,Google Analytics,GDN RMKT - App - Prio 2 Offer,29,2464
03.01.2019,Google Analytics,GDN RMKT - Desktop - Prio 3 Offer,18,19459
03.01.2019,Google Analytics,GDN RMKT - Desktop - Prio 4 Offer,6,1185
03.01.2019,Google Analytics,GDN RMKT - Interstitials - Prio 1 Offer,5,424
03.01.2019,Google Analytics,GDN RMKT - Interstitials - Prio 2 Offer,17,2482
03.01.2019,Google Analytics,GDN RMKT - Mobile - Prio 1 Offer,6,690
03.01.2019,Google Analytics,GDN RMKT - Mobile - Prio 2 Offer,13,2450
03.01.2019,Google Analytics,GDN RMKT - Mobile - Prio 3 Offer,24,2454
03.01.2019,Google Analytics,GDN RMKT - Mobile - Prio 4 Offer,96,4648
03.01.2019,Google Analytics,New General Campaign - Africa - Desktop,15,318
03.01.2019,Google Analytics,New General Campaign - Africa - Mobile,37,944
03.01.2019,Google Analytics,New General Campaign - Arab - Desktop,1,94
03.01.2019,Google Analytics,New General Campaign - Arab - Mobile,6,69
03.01.2019,Google Analytics,New General Campaign - Asia - Desktop,12,241
03.01.2019,Google Analytics,New General Campaign - Asia - Mobile,8,136
03.01.2019,Google Analytics,New General Campaign - AUS - Desktop,18,970
03.01.2019,Google Analytics,New General Campaign - AUS - Mobile,25,559
03.01.2019,Google Analytics,New General Campaign - AUT - Desktop,26,600
03.01.2019,Google Analytics,New General Campaign - AUT - Mobile,18,487
03.01.2019,Google Analytics,New General Campaign - BEL - Desktop,5,191
03.01.2019,Google Analytics,New General Campaign - BEL - Mobile,2,68
03.01.2019,Google Analytics,New General Campaign - BUL - Desktop,9,218
03.01.2019,Google Analytics,New General Campaign - BUL - Mobile,18,239
03.01.2019,Google Analytics,New General Campaign - CAN - Desktop,12,430
03.01.2019,Google Analytics,New General Campaign - CAN - Mobile,31,898
03.01.2019,Google Analytics,New General Campaign - CH - Desktop,8,259
03.01.2019,Google Analytics,New General Campaign - CH - Mobile,2,101
03.01.2019,Google Analytics,New General Campaign - CRO - Desktop,4,172
03.01.2019,Google Analytics,New General Campaign - CRO - Mobile,9,223
03.01.2019,Google Analytics,New General Campaign - CZE - Desktop,7,304
03.01.2019,Google Analytics,New General Campaign - CZE - Mobile,3,217
03.01.2019,Google Analytics,New General Campaign - DEN - Desktop,1,184
03.01.2019,Google Analytics,New General Campaign - DEN - Mobile,2,97
03.01.2019,Google Analytics,New General Campaign - ESP - Desktop,15,882
03.01.2019,Google Analytics,New General Campaign - ESP - Mobile,11,212
03.01.2019,Google Analytics,New General Campaign - Europe - Desktop,52,1464
03.01.2019,Google Analytics,New General Campaign - Europe - Mobile,38,763
03.01.2019,Google Analytics,New General Campaign - FIN - Desktop,5,73
03.01.2019,Google Analytics,New General Campaign - FIN - Mobile,3,50
03.01.2019,Google Analytics,New General Campaign - FRA - Desktop,14,710
03.01.2019,Google Analytics,New General Campaign - FRA - Mobile,8,186
03.01.2019,Google Analytics,New General Campaign - GER - Desktop,36,1794
03.01.2019,Google Analytics,New General Campaign - GER - Mobile,59,1893
03.01.2019,Google Analytics,New General Campaign - GRE - Desktop,13,407
03.01.2019,Google Analytics,New General Campaign - GRE - Mobile,8,148
03.01.2019,Google Analytics,New General Campaign - HKG - Desktop,2,133
03.01.2019,Google Analytics,New General Campaign - HKG - Mobile,4,45
03.01.2019,Google Analytics,New General Campaign - HUN - Desktop,5,223
03.01.2019,Google Analytics,New General Campaign - HUN - Mobile,6,170
03.01.2019,Google Analytics,New General Campaign - IND - Desktop,92,2583
03.01.2019,Google Analytics,New General Campaign - IND - Mobile,390,3922
03.01.2019,Google Analytics,New General Campaign - IRE - Desktop,5,150
03.01.2019,Google Analytics,New General Campaign - IRE - Mobile,7,201
03.01.2019,Google Analytics,New General Campaign - ISR - Desktop,11,160
03.01.2019,Google Analytics,New General Campaign - ISR - Mobile,11,116
03.01.2019,Google Analytics,New General Campaign - ITA - Desktop,29,733
03.01.2019,Google Analytics,New General Campaign - ITA - Mobile,50,1051
03.01.2019,Google Analytics,New General Campaign - Latin - Desktop,15,1392
03.01.2019,Google Analytics,New General Campaign - Latin - Mobile,33,855
03.01.2019,Google Analytics,New General Campaign - MAL - Desktop,9,432
03.01.2019,Google Analytics,New General Campaign - MAL - Mobile,47,771
03.01.2019,Google Analytics,New General Campaign - NEL - Desktop,6,192
03.01.2019,Google Analytics,New General Campaign - NEL - Mobile,5,50
03.01.2019,Google Analytics,New General Campaign - NOR - Desktop,5,235
03.01.2019,Google Analytics,New General Campaign - NOR - Mobile,3,156
03.01.2019,Google Analytics,New General Campaign - NZE - Desktop,3,55
03.01.2019,Google Analytics,New General Campaign - NZE - Mobile,1,35
03.01.2019,Google Analytics,New General Campaign - OMA - Desktop,5,50
03.01.2019,Google Analytics,New General Campaign - OMA - Mobile,3,54
03.01.2019,Google Analytics,New General Campaign - POL - Desktop,14,858
03.01.2019,Google Analytics,New General Campaign - POL - Mobile,11,331
03.01.2019,Google Analytics,New General Campaign - POR - Desktop,5,166
03.01.2019,Google Analytics,New General Campaign - POR - Mobile,7,1088
03.01.2019,Google Analytics,New General Campaign - Rest - Desktop,94,1916
03.01.2019,Google Analytics,New General Campaign - Rest - Mobile,104,1507
03.01.2019,Google Analytics,New General Campaign - ROM - Desktop,14,738
03.01.2019,Google Analytics,New General Campaign - ROM - Mobile,19,498
03.01.2019,Google Analytics,New General Campaign - RUS - Desktop,8,304
03.01.2019,Google Analytics,New General Campaign - RUS - Mobile,7,147
03.01.2019,Google Analytics,New General Campaign - SAU - Desktop,21,374
03.01.2019,Google Analytics,New General Campaign - SAU - Mobile,34,359
03.01.2019,Google Analytics,New General Campaign - SKO - Desktop,4,143
03.01.2019,Google Analytics,New General Campaign - SLO - Desktop,5,253
03.01.2019,Google Analytics,New General Campaign - SLO - Mobile,4,117
03.01.2019,Google Analytics,New General Campaign - SWE - Desktop,5,202
03.01.2019,Google Analytics,New General Campaign - SWE - Mobile,7,156
03.01.2019,Google Analytics,New General Campaign - TAW - Desktop,10,437
03.01.2019,Google Analytics,New General Campaign - TAW - Mobile,3,163
03.01.2019,Google Analytics,New General Campaign - UAE - Desktop,12,322
03.01.2019,Google Analytics,New General Campaign - UAE - Mobile,23,262
03.01.2019,Google Analytics,New General Campaign - UK - Desktop,44,2070
03.01.2019,Google Analytics,New General Campaign - UK - Mobile,32,846
03.01.2019,Google Analytics,New General Campaign - USA - Desktop,48,1797
03.01.2019,Google Analytics,New General Campaign - USA - Mobile,67,1484
03.01.2019,Google Analytics,YouTube TrueView Mobile - Prio 1 - Offer,3,539
03.01.2019,Mailchimp,New Years Offer 2019 | Open Cart #6,1418,
03.01.2019,Mailchimp,NY Offer 2019 | Extension Buyers | Switch To Lifetime (ABD) #3,32,
03.01.2019,Mailchimp,NY Offer 2019 | Extension Buyers | Switch To Lifetime (EBC) #3,49,
03.01.2019,Mailchimp,NY Offer 2019 | Extension Buyers | Switch To Lifetime (EMC) #3,148,
03.01.2019,Mailchimp,NY Offer 2019 | Extension Buyers | Switch To Lifetime (EME) #3,8,
03.01.2019,Mailchimp,NY Offer 2019 | Extension Buyers | Switch To Lifetime (MSK) #3,12,
03.01.2019,Mailchimp,NY Offer 2019 | Extension Buyers | Switch To Lifetime (PED) #3,2,
03.01.2019,Mailchimp,NY Offer 2019 | Extension Buyers | Switch To Lifetime (POC) #3,1,
03.01.2019,Mailchimp,NY Offer 2019 | Extension Buyers | Switch To Lifetime (RH) #3,3,
03.01.2019,Mailchimp,NY Offer 2019 | Extension Buyers | Switch To Lifetime (STE) #3,18,
03.01.2019,Mailchimp,NY Offer 2019 | Extension Buyers | Switch To Lifetime (TEE) #3,26,
03.01.2019,Mailchimp,NY Offer 2019 | Extension Buyers | Switch To Lifetime (VAS) #3,2,
04.01.2019,Facebook Ads,60 Second 29122018,1464,61419
04.01.2019,Facebook Ads,Like Ads,256,1981
04.01.2019,Facebook Ads,Offer Campaigns - Conversions,8355,600020
04.01.2019,Google Adwords,B2B - Leads,10,313
04.01.2019,Google Adwords,GDN Prospecting - App - Prio 1 Offer,10,3144
04.01.2019,Google Adwords,GDN Prospecting - App - Prio 2 Offer,35,15572
04.01.2019,Google Adwords,GDN Prospecting - Desktop - India Offer,89,71386
04.01.2019,Google Adwords,GDN Prospecting - Desktop - Prio 1 Offer,41,22050
04.01.2019,Google Adwords,GDN Prospecting - Desktop - Prio 2 Offer,32,20534
04.01.2019,Google Adwords,GDN Prospecting - Desktop - Prio 3 Offer,139,73386
04.01.2019,Google Adwords,GDN Prospecting - Desktop - Prio 4 Offer,191,112426
04.01.2019,Google Adwords,GDN Prospecting - Interstitials - Prio 1 Offer,17,8661
04.01.2019,Google Adwords,GDN Prospecting - Interstitials - Prio 2 Offer,60,20401
04.01.2019,Google Adwords,GDN Prospecting - Mobile - Prio 1 Offer,31,13719
04.01.2019,Google Adwords,GDN Prospecting - Mobile - Prio 2 Offer,304,29786
04.01.2019,Google Adwords,GDN Prospecting - Mobile - Prio 3 Offer,138,19118
04.01.2019,Google Adwords,GDN Prospecting - Mobile - Prio 4 Offer,261,16308
04.01.2019,Google Adwords,GDN RMKT - App - Prio 1 Offer,31,2983
04.01.2019,Google Adwords,GDN RMKT - App - Prio 2 Offer,14,1881
04.01.2019,Google Adwords,GDN RMKT - Desktop - India Offer,1,535
04.01.2019,Google Adwords,GDN RMKT - Desktop - Prio 2 Offer,1,1066
04.01.2019,Google Adwords,GDN RMKT - Desktop - Prio 3 Offer,11,25369
04.01.2019,Google Adwords,GDN RMKT - Desktop - Prio 4 Offer,1,1060
04.01.2019,Google Adwords,GDN RMKT - Interstitials - Prio 1 Offer,4,249
04.01.2019,Google Adwords,GDN RMKT - Interstitials - Prio 2 Offer,19,1793
04.01.2019,Google Adwords,GDN RMKT - Mobile - Prio 1 Offer,5,868
04.01.2019,Google Adwords,GDN RMKT - Mobile - Prio 2 Offer,11,2378
04.01.2019,Google Adwords,GDN RMKT - Mobile - Prio 3 Offer,26,4098
04.01.2019,Google Adwords,GDN RMKT - Mobile - Prio 4 Offer,52,3260
04.01.2019,Google Adwords,New General Campaign - Africa - Desktop,16,379
04.01.2019,Google Adwords,New General Campaign - Africa - Mobile,53,803
04.01.2019,Google Adwords,New General Campaign - Arab - Mobile,4,46
04.01.2019,Google Adwords,New General Campaign - Asia - Desktop,18,272
04.01.2019,Google Adwords,New General Campaign - Asia - Mobile,6,136
04.01.2019,Google Adwords,New General Campaign - AUS - Desktop,19,835
04.01.2019,Google Adwords,New General Campaign - AUS - Mobile,12,446
04.01.2019,Google Adwords,New General Campaign - AUT - Desktop,17,554
04.01.2019,Google Adwords,New General Campaign - AUT - Mobile,19,465
04.01.2019,Google Adwords,New General Campaign - BEL - Desktop,4,155
04.01.2019,Google Adwords,New General Campaign - BEL - Mobile,5,86
04.01.2019,Google Adwords,New General Campaign - BUL - Desktop,8,152
04.01.2019,Google Adwords,New General Campaign - BUL - Mobile,10,181
04.01.2019,Google Adwords,New General Campaign - CAN - Desktop,12,532
04.01.2019,Google Adwords,New General Campaign - CAN - Mobile,26,713
04.01.2019,Google Adwords,New General Campaign - CH - Desktop,3,140
04.01.2019,Google Adwords,New General Campaign - CH - Mobile,2,107
04.01.2019,Google Adwords,New General Campaign - CRO - Desktop,3,126
04.01.2019,Google Adwords,New General Campaign - CRO - Mobile,4,232
04.01.2019,Google Adwords,New General Campaign - CZE - Desktop,2,197
04.01.2019,Google Adwords,New General Campaign - CZE - Mobile,5,169
04.01.2019,Google Adwords,New General Campaign - DEN - Desktop,1,216
04.01.2019,Google Adwords,New General Campaign - DEN - Mobile,2,83
04.01.2019,Google Adwords,New General Campaign - ESP - Desktop,11,404
04.01.2019,Google Adwords,New General Campaign - ESP - Mobile,6,179
04.01.2019,Google Adwords,New General Campaign - Europe - Desktop,46,1288
04.01.2019,Google Adwords,New General Campaign - Europe - Mobile,36,910
04.01.2019,Google Adwords,New General Campaign - FIN - Desktop,4,154
04.01.2019,Google Adwords,New General Campaign - FIN - Mobile,4,41
04.01.2019,Google Adwords,New General Campaign - FRA - Desktop,14,707
04.01.2019,Google Adwords,New General Campaign - FRA - Mobile,9,147
04.01.2019,Google Adwords,New General Campaign - GER - Desktop,31,1177
04.01.2019,Google Adwords,New General Campaign - GER - Mobile,67,1960
04.01.2019,Google Adwords,New General Campaign - GRE - Desktop,19,418
04.01.2019,Google Adwords,New General Campaign - GRE - Mobile,5,175
04.01.2019,Google Adwords,New General Campaign - HKG - Desktop,5,159
04.01.2019,Google Adwords,New General Campaign - HKG - Mobile,3,149
04.01.2019,Google Adwords,New General Campaign - HUN - Desktop,5,179
04.01.2019,Google Adwords,New General Campaign - HUN - Mobile,1,163
04.01.2019,Google Adwords,New General Campaign - IND - Desktop,88,2514
04.01.2019,Google Adwords,New General Campaign - IND - Mobile,364,3918
04.01.2019,Google Adwords,New General Campaign - IRE - Desktop,3,120
04.01.2019,Google Adwords,New General Campaign - IRE - Mobile,10,191
04.01.2019,Google Adwords,New General Campaign - ISR - Desktop,1,120
04.01.2019,Google Adwords,New General Campaign - ISR - Mobile,4,66
04.01.2019,Google Adwords,New General Campaign - ITA - Desktop,39,981
04.01.2019,Google Adwords,New General Campaign - ITA - Mobile,48,711
04.01.2019,Google Adwords,New General Campaign - JPN - Desktop,1,61
04.01.2019,Google Adwords,New General Campaign - Latin - Desktop,25,1577
04.01.2019,Google Adwords,New General Campaign - Latin - Mobile,22,661
04.01.2019,Google Adwords,New General Campaign - MAL - Desktop,9,380
04.01.2019,Google Adwords,New General Campaign - MAL - Mobile,30,645
04.01.2019,Google Adwords,New General Campaign - NEL - Desktop,3,203
04.01.2019,Google Adwords,New General Campaign - NEL - Mobile,4,79
04.01.2019,Google Adwords,New General Campaign - NOR - Desktop,3,35
04.01.2019,Google Adwords,New General Campaign - NOR - Mobile,6,119
04.01.2019,Google Adwords,New General Campaign - NZE - Mobile,1,34
04.01.2019,Google Adwords,New General Campaign - OMA - Desktop,2,32
04.01.2019,Google Adwords,New General Campaign - OMA - Mobile,5,34
04.01.2019,Google Adwords,New General Campaign - POL - Desktop,17,681
04.01.2019,Google Adwords,New General Campaign - POL - Mobile,13,291
04.01.2019,Google Adwords,New General Campaign - POR - Desktop,3,172
04.01.2019,Google Adwords,New General Campaign - POR - Mobile,5,1001
04.01.2019,Google Adwords,New General Campaign - Rest - Desktop,84,1749
04.01.2019,Google Adwords,New General Campaign - Rest - Mobile,127,1480
04.01.2019,Google Adwords,New General Campaign - ROM - Desktop,17,740
04.01.2019,Google Adwords,New General Campaign - ROM - Mobile,14,222
04.01.2019,Google Adwords,New General Campaign - RUS - Desktop,7,282
04.01.2019,Google Adwords,New General Campaign - RUS - Mobile,8,171
04.01.2019,Google Adwords,New General Campaign - SAU - Desktop,10,179
04.01.2019,Google Adwords,New General Campaign - SAU - Mobile,26,270
04.01.2019,Google Adwords,New General Campaign - SKO - Desktop,2,139
04.01.2019,Google Adwords,New General Campaign - SLO - Desktop,2,142
04.01.2019,Google Adwords,New General Campaign - SLO - Mobile,6,112
04.01.2019,Google Adwords,New General Campaign - SWE - Desktop,7,215
04.01.2019,Google Adwords,New General Campaign - SWE - Mobile,3,178
04.01.2019,Google Adwords,New General Campaign - TAW - Desktop,5,382
04.01.2019,Google Adwords,New General Campaign - TAW - Mobile,6,99
04.01.2019,Google Adwords,New General Campaign - UAE - Desktop,4,139
04.01.2019,Google Adwords,New General Campaign - UAE - Mobile,15,265
04.01.2019,Google Adwords,New General Campaign - UK - Desktop,34,2243
04.01.2019,Google Adwords,New General Campaign - UK - Mobile,20,686
04.01.2019,Google Adwords,New General Campaign - USA - Desktop,55,1677
04.01.2019,Google Adwords,New General Campaign - USA - Mobile,65,1688
04.01.2019,Google Adwords,YouTube TrueView Desktop - Prio 1 - Offer,1,520
04.01.2019,Google Adwords,YouTube TrueView Mobile - Prio 1 - Offer,3,518
04.01.2019,Google Analytics,B2B - Leads,10,313
04.01.2019,Google Analytics,GDN Prospecting - App - Prio 1 Offer,10,3144
04.01.2019,Google Analytics,GDN Prospecting - App - Prio 2 Offer,35,15572
04.01.2019,Google Analytics,GDN Prospecting - Desktop - India Offer,89,71386
04.01.2019,Google Analytics,GDN Prospecting - Desktop - Prio 1 Offer,41,22050
04.01.2019,Google Analytics,GDN Prospecting - Desktop - Prio 2 Offer,32,20534
04.01.2019,Google Analytics,GDN Prospecting - Desktop - Prio 3 Offer,139,73386
04.01.2019,Google Analytics,GDN Prospecting - Desktop - Prio 4 Offer,191,112426
04.01.2019,Google Analytics,GDN Prospecting - Interstitials - Prio 1 Offer,17,8661
04.01.2019,Google Analytics,GDN Prospecting - Interstitials - Prio 2 Offer,60,20401
04.01.2019,Google Analytics,GDN Prospecting - Mobile - Prio 1 Offer,31,13719
04.01.2019,Google Analytics,GDN Prospecting - Mobile - Prio 2 Offer,304,29786
04.01.2019,Google Analytics,GDN Prospecting - Mobile - Prio 3 Offer,138,19118
04.01.2019,Google Analytics,GDN Prospecting - Mobile - Prio 4 Offer,261,16308
04.01.2019,Google Analytics,GDN RMKT - App - Prio 1 Offer,31,2983
04.01.2019,Google Analytics,GDN RMKT - App - Prio 2 Offer,14,1881
04.01.2019,Google Analytics,GDN RMKT - Desktop - India Offer,1,535
04.01.2019,Google Analytics,GDN RMKT - Desktop - Prio 2 Offer,1,1066
04.01.2019,Google Analytics,GDN RMKT - Desktop - Prio 3 Offer,11,25369
04.01.2019,Google Analytics,GDN RMKT - Desktop - Prio 4 Offer,1,1060
04.01.2019,Google Analytics,GDN RMKT - Interstitials - Prio 1 Offer,4,249
04.01.2019,Google Analytics,GDN RMKT - Interstitials - Prio 2 Offer,19,1793
04.01.2019,Google Analytics,GDN RMKT - Mobile - Prio 1 Offer,5,868
04.01.2019,Google Analytics,GDN RMKT - Mobile - Prio 2 Offer,11,2378
04.01.2019,Google Analytics,GDN RMKT - Mobile - Prio 3 Offer,26,4098
04.01.2019,Google Analytics,GDN RMKT - Mobile - Prio 4 Offer,52,3260
04.01.2019,Google Analytics,New General Campaign - Africa - Desktop,16,379